﻿<?xml version="1.0" encoding="utf-8"?>
<guidanceExplorer xmlns="urn:microsoft:guidanceexplorer">
  <library name="eb39d862-f752-4d1c-ab6e-14ed697397c0" caption="TM Documentation">
    <libraryStructure>
      <view caption="1. UI Elements" id="586cb7b3-b76f-4eb0-bc94-0ba87133542b" creationDate="0001-01-01T00:00:00">
        <items>
          <item>00000000-0000-0000-0000-0000000693a7</item>
          <item>00000000-0000-0000-0000-00000061eb3b</item>
          <item>00000000-0000-0000-0000-00000008578b</item>
        </items>
      </view>
      <view caption="2. Reading" id="dd1ee8b8-0fcd-4da7-a03e-5d12c56a8ee9" creationDate="0001-01-01T00:00:00">
        <items>
          <item>00000000-0000-0000-0000-000000803568</item>
          <item>00000000-0000-0000-0000-00000018204d</item>
          <item>00000000-0000-0000-0000-0000001a9296</item>
          <item>00000000-0000-0000-0000-00000024fdb5</item>
        </items>
      </view>
      <view caption="3. Editing" id="c33e2170-5715-42a1-973c-0d64979b218f" creationDate="0001-01-01T00:00:00">
        <items>
          <item>00000000-0000-0000-0000-00000001f6f7</item>
          <item>00000000-0000-0000-0000-0000008e9fb0</item>
          <item>00000000-0000-0000-0000-000000579bb9</item>
          <item>00000000-0000-0000-0000-00000060462d</item>
        </items>
      </view>
    </libraryStructure>
    <items />
  </library>
</guidanceExplorer>